1497863790;-0.82334957;357.2
1497863800;-6.10812;357.2
1497863810;204.91360851000002;356.98500002000003
1497863820;0.0;357.09250001
1497863830;-1.786;357.2
1497863840;0.0;356.985000025
1497863850;23.25162136;356.77000005
1497863860;-292.36819999;357.2
1497863870;0.0;357.01375001875
1497863880;39.88147860000001;356.82750003750004
1497863890;0.0;356.808333375
1497863900;0.0;356.78916671250005
1497863910;-3.424992;356.77000005
1497863920;6106.027635300001;356.55094438862074
1497863930;57.34534317;356.01
1497863940;-200.61177102;356.77000004
1497863950;1521.48195201;356.01
1497863960;-210.45445434;356.00333333333333
1497863970;-6.47919999;355.99999999
1497863980;-145.64636399;355.99999999
1497863990;-1.4825294100000002;355.905
1497864000;-928.96986572;355.96199999600003
1497864010;-860.21053123;356.00333333333333
1497864020;-3840.95453331;355.97500047
1497864030;-72.34700147;355.95249999
1497864040;2.63344432;355.8053948044444
1497864050;0.0;355.7123896297222
1497864060;36.13092945;355.619384455
1497864070;-99.3596;356.0
1497864080;36.10356453;355.61938445199996
1497864090;0.0;355.61369219266663
1497864100;0.19799542;355.6079999333333
1497864110;-12.16218294;355.61938445
1497864120;988.4035137400001;355.4374911926667
1497864130;0.0;355.26205829175
1497864140;0.0;355.0866253908333
1497864150;0.0;354.9111924899167
1497864160;15067.540876860001;354.735759589
1497864170;-14614.50758803;354.66614993999997
1497864180;0.0;354.7616464007143
1497864190;-1035.1925910599998;354.8571428614286
1497864200;0.0;354.55010468404765
1497864210;525.0134786899999;354.2430665066667
1497864220;0.0;354.32871100361115
1497864230;0.0;354.4143555005556
1497864240;-819.37605649;354.4999999975
1497864250;0.0;354.61250000125005
1497864260;-1711.5942228099998;354.725000005
1497864270;193.12417095;354.065308818
1497864280;-4050.66086409;353.91531828666666
1497864290;1048.3704682799998;353.6676815685714
1497864300;-156.62650164000001;354.4999999966667
1497864310;0.0;354.49999999833335
1497864320;0.0;354.5
1497864330;0.0;354.80000001
1497864340;0.0;354.25915216333334
1497864350;0.0;354.80000001
1497864360;0.0;354.7000000066667
1497864370;0.0;354.6000000033333
1497864380;0.24815;354.5
1497864390;9227.4546587;353.51982378285715
1497864400;1.27153922;353.211433315
1497864410;0.0;353.6057166675
1497864420;720.0753219200001;354.00000002
1497864430;0.0;353.600000022
1497864440;17096.167435440002;353.200000024
1497864450;0.0;353.18637797636364
1497864460;0.0;353.17275592872727
1497864470;2.18984;353.15913388109095
1497864480;3559.47501484;353.1455118334546
1497864490;0.0;353.1318897858182
1497864500;1918.66972516;353.1182677381818
1497864510;1503.4835843199999;353.10464569054545
1497864520;-5003.1330939300005;353.0910236429091
1497864530;-6776.553319129999;353.07740159527276
1497864540;-73.90596271999999;353.0637795476364
1497864550;-20.798758330000002;353.0501575
1497864560;-420.909324;353.1
1497864570;-51.35699319;353.1
1497864580;-977.81530862;353.000063
1497864590;0.0;352.9415922325
1497864600;-26.6317576;352.883121465
1497864610;-28.869046;353.0
1497864620;-159.83222518;352.995
1497864630;-203.05504435999998;352.94169236
1497864640;-130.66064297;352.7345093945
1497864650;3180.0710037799995;352.52732642899997
1497864660;-3457.03367428;352.3201434635
1497864670;-62.1260999;352.112960498
1497864680;-620.5052092199999;351.9057775325
1497864690;-2061.0761825;352.74757707000003
1497864700;-735.23150399;352.6281099171428
1497864710;-7855.55271726;352.59999999714285
1497864720;-36874.90588548999;352.85800865
1497864730;-1239.63925199;352.9494286
1497864740;-1123.52297441;353.000189
1497864750;-18089.81165238;353.15502362125
1497864760;-3125.18918468;353.19999998799995
1497864770;-111.03591171000001;353.0668766566667
1497864780;-22100.518124280003;353.20000000333334
1497864790;302.44516;353.20000001
1497864800;-156.64455;353.3999999999999
1497864810;0.0;353.45333333333326
1497864820;0.0;353.50666666666666
1497864830;-151.37264806;353.56
1497864840;97.54998637;353.21000001
1497864850;-114.77244;354.4
1497864860;0.0;354.2392037033333
1497864870;0.0;354.07840740666666
1497864880;2444.30953599;353.91761111
1497864890;-4945.33978624;353.22
1497864900;0.08540153;353.22000003000005
1497864910;706.44000005;353.22000002000004
1497864920;480.23398066;353.22
1497864930;-146.55735926;353.69163889000004
1497864940;13054.678214140002;353.1527194825
1497864950;-609.4662584300002;353.0
1497864960;1156.2573556599998;352.615868595
1497864970;0.0;352.7999921475
1497864980;-35.31875051;352.9841157
1497864990;1.79646286;352.24762152
1497865000;194.05770938;352.24762153
1497865010;-94.04325922;353.15530637
1497865020;0.0;353.24607485250004
1497865030;0.0;353.336843335
1497865040;0.0;353.42761181750006
1497865050;-0.03535183;353.5183803000001
1497865060;-0.03535183;353.5183803000001
1497865070;0.0;353.5183803000001
1497865080;0.0;353.5183803000001
1497865090;0.0;353.5183803000001
1497865100;-6.52277116;353.5183803000001
1497865110;0.0;353.5183803000001
1497865120;47.91232133;353.5183803000001
1497865130;0.0;353.2035740175001
1497865140;0.0;352.8887677350001
1497865150;0.0;352.57396145250004
1497865160;0.0;352.25915517000004
1497865170;0.0;351.94434888750004
1497865180;0.0;351.629542605
1497865190;13469.140581579999;351.3147363225
1497865200;33633.46580529;350.99993004
1497865210;25936.43783044;350.99993004
1497865220;10525.71462097;350.99993004
1497865230;41738.71085542;351.3597086442857
1497865240;-71.18268401;350.99993
1497865250;-1133.3918321400001;350.9393248842857
1497865260;0.0;350.86966244214284
1497865270;-78.14801066999999;350.8
1497865280;-78.36398195;350.79500000499996
1497865290;0.99999922;350.76000003
1497865300;-1054.35958129;350.9499475
1497865310;-1461.5857857199999;350.70989408909094
1497865320;-940.7371130699999;350.879972
1497865330;-246.53638383;350.99993
1497865340;17.88931524999998;350.78000001500004
1497865350;-13087.073943569998;350.783986012
1497865360;46.66935116000002;350.4766398266667
1497865370;-10082.5102082;350.68829658
1497865380;-1033.71987981;350.99993
1497865390;0.0;350.37717858818183
1497865400;-381.2624689999998;350.0
1497865410;39.158516689999885;349.79242949909093
1497865420;-70.0;350.0
1497865430;-3.54062862;350.69999997
1497865440;-593.9930022000001;350.16249999
1497865450;0.0;350.252083315
1497865460;0.0;350.34166664
1497865470;0.0;350.431249965
1497865480;0.0;350.52083329
1497865490;0.0;350.610416615
1497865500;-468.74456781;350.69999994
1497865510;-11.59288648;350.69999994
1497865520;0.419112;349.26000002
1497865530;0.0;349.5970374253846
1497865540;20362.369148420003;349.9340748307692
1497865550;7370.79647147;349.48418157833333
1497865560;-526.3971516500001;350.849965
1497865570;-1126.05335633;349.70998250499997
1497865580;-29.6905;349.3
1497865590;-8127.64726349;349.290000016
1497865600;-1584.2768287299998;349.22041192375
1497865610;-16212.213828999998;349.2700000357143
1497865620;-637.27195137;349.2002668566667
1497865630;0.0;349.2351339283333
1497865640;1389.22142897;349.270001
1497865650;-1168.06383551;349.27000101
1497865660;-858.1912146899999;349.27000100666663
1497865670;0.0;349.29449732449996
1497865680;0.0;349.31899364233334
1497865690;0.0;349.3434899601667
1497865700;5411.88248731;349.36798627800005
1497865710;-227.42277472999996;349.70595827399995
1497865720;38922.8018371;349.7324650275
1497865730;49106.76903058;349.37333336666666
1497865740;-8829.59735316;350.598779575
1497865750;-1710.2003003300001;350.999929985
1497865760;1.50292903;349.5183805000001
1497865770;0.0;349.8146904000001
1497865780;0.0;350.11100030000006
1497865790;0.0;350.40731020000004
1497865800;0.0;350.7036201
1497865810;-130.42244798;350.99993
1497865820;0.0;350.625180335
1497865830;-432.80412784;350.25043067
1497865840;-2324.81118136;350.99993
1497865850;1.67999999;349.99999901
1497865860;-1206.20142793;350.9999300133333
1497865870;329.26010812;351.66090796
1497865880;-144.33815375;351.84402848
1497865890;0.0;351.79316166611113
1497865900;-7474.0937347399995;351.74229485222224
1497865910;-11073.36350861;351.52872664
1497865920;-5045.03057328;351.66090795
1497865930;-13353.174649789999;351.57829463250005
1497865940;-10228.26716115;351.6609079566667
1497865950;0.0;351.6609079583333
1497865960;-992.38704708;351.66090796
1497865970;-12431.95005456;351.6609079566667
1497865980;-2540.19890538;351.66090796
1497865990;-702.34879831;351.66090796
1497866000;-7561.99999954;352.65999982
1497866010;351.66090794;351.66090796
1497866020;0.0;351.66090795749994
1497866030;218.01499313;351.66090795499997
1497866040;-7329.93704154;352.16499987
1497866050;0.14066800000000002;351.67
1497866060;-8452.38407251;352.6599997
1497866070;0.0;352.659999685
1497866080;-3574.63199947;352.65999967
1497866090;-352.75999641;352.659999665
1497866100;-15501.60810107;352.65999964499997
1497866110;0.0;352.6599996225
1497866120;-24.72392048;352.65999960000005
1497866130;0.0;352.5099996083333
1497866140;-0.09612387;352.3599996166666
1497866150;0.00592362;351.75999969000003
1497866160;-99.80000092;352.65999958
1497866170;-0.09842439;352.0599996533333
1497866180;0.0;351.96249974
1497866190;0.0;351.8649998266667
1497866200;-14.12339818;351.7674999133333
1497866210;1895.72770596;351.67
1497866220;0.0;351.67
1497866230;55.345989880000005;351.67
1497866240;0.0;351.67
1497866250;0.0;351.67
1497866260;0.175835;351.67
1497866270;0.0;351.67
1497866280;0.492338;351.67
1497866290;0.0;351.602185761
1497866300;795.8560532399999;351.53437152199996
1497866310;-30655.520386920005;351.0
1497866320;-7211.56141251;351.0
1497866330;-3810.1756808600003;350.9999999875
1497866340;-28.51337267;350.99999999
1497866350;-321.49258476;350.99999998
1497866360;-11977.4034624;350.99999998
1497866370;0.0;350.99999998
1497866380;0.0;350.99999998
1497866390;-1897.10972088;350.99999998
1497866400;-11428.75024138;350.99999998
1497866410;-5190.271047;351.0
1497866420;-2562.7175530199997;350.99999999199997
1497866430;-5739.26417984;350.99999998666664
1497866440;-834.3961610199999;350.9999999966667
1497866450;0.0;351.00855674583335
1497866460;0.0;351.017113495
1497866470;0.0;351.0256702441667
1497866480;35.047906430000005;351.03422699333333
1497866490;0.0;351.51711349333334
1497866500;-35254.72222596;351.99999999333335
1497866510;0.0;351.67804887444447
1497866520;0.0;351.3560977555556
1497866530;109.34490361;351.0341466366667
1497866540;-12394.65906198;351.0
1497866550;-3455.94334293;351.0
1497866560;-3614.39081876;350.99999999857147
1497866570;-4066.733034;351.0
1497866580;-11915.48982897;351.0
1497866590;-129.87386101;350.999999995
1497866600;0.0;350.9999999975
1497866610;-2477.7441;351.0
1497866620;-1259.990667;351.0
1497866630;-6445.001947430001;350.9999999971429
1497866640;-668.01005155;350.99999999833335
1497866650;-315.84837493000003;350.999999995
1497866660;-631.3987403700002;350.99999999199997
1497866670;-8946.209024990001;350.99999999833335
1497866680;-723.1828500099999;350.9999999966667
1497866690;-1788.17261337;351.0
1497866700;-5775.575944329999;350.9999999966667
1497866710;-441.06659996999997;350.99999998666664
1497866720;-3983.1596602100003;350.99999998
1497866730;-2133.876069;351.0
1497866740;0.0;351.0
1497866750;-2145.542256;351.0
1497866760;-9085.853673;351.0
1497866770;-4913.709372;351.0
1497866780;-7631.434867679999;351.0
1497866790;-3220.49146185;351.0
1497866800;-5905.28095013;350.78539058384615
1497866810;-3027.07813122;351.0
1497866820;-195.88275015;351.669999985
1497866830;366.17997901;352.1
1497866840;695.42202376;352.1
1497866850;7997.119361239999;350.4692308315385
1497866860;-991.23684585;352.09999999
1497866870;-70.41999999;352.09999996
1497866880;-11538.78715243;351.94331082166667
1497866890;0.0;352.0425820278333
1497866900;-123.32484568000001;352.141853234
1497866910;0.0;352.200212077
1497866920;-70.45171418;352.25857092
1497866930;-0.09999916;352.2585709
1497866940;-1886.99333131;352.2585709033333
1497866950;-67.63063378;352.25857092333337
1497866960;0.66926312;352.2480230400001
1497866970;1.2302595200000002;351.83377346000003
1497866980;0.0;351.89687767000004
1497866990;0.0;351.95998188
1497867000;0.0;352.02308609
1497867010;-272.09257478;352.0861903
1497867020;0.0;352.14952129933334
1497867030;0.0;352.21285229866663
1497867040;0.0;352.276183298
1497867050;0.0;352.33951429733327
1497867060;-286.49080948;352.4028452966666
1497867070;0.0;351.96856358333326
1497867080;0.0;351.5342818699999
1497867090;8043.112276829999;351.10000015666657
1497867100;-8046.494684020001;351.863428416
1497867110;0.0;352.231714193
1497867120;-19.99999737;352.59999997
1497867130;0.0;352.299999985
1497867140;1355.9557897599998;352.0
1497867150;293.76559574;351.4000001
1497867160;0.0;351.5333334088889
1497867170;0.0;351.6666667177778
1497867180;0.0;351.8000000266667
1497867190;0.0;351.9333333355556
1497867200;0.0;352.0666666444444
1497867210;0.0;352.1999999533333
1497867220;0.0;352.3333332622222
1497867230;0.0;352.4666665711111
1497867240;-172.06879994;352.59999988
1497867250;0.0;352.59624989499997
1497867260;0.0;352.59249991
1497867270;0.0;352.588749925
1497867280;0.0;352.58499994
1497867290;0.0;352.581249955
1497867300;0.0;352.57749996999996
1497867310;0.0;352.573749985
1497867320;-530.32733232;352.57
1497867330;0.11073114999999999;351.88500001
1497867340;-3677.7485655299997;352.589999935
1497867350;0.0;352.59499995499993
1497867360;-3290.58696192;352.59999997499995
1497867370;0.0;352.66302498375
1497867380;-685.46653157;352.72604999250007
1497867390;702.40000022;351.20000011
1497867400;0.0;351.3416667641667
1497867410;0.0;351.48333341833336
1497867420;0.0;351.62500007250003
1497867430;0.0;351.7666667266667
1497867440;0.0;351.90833338083337
1497867450;352.01902102;352.05000003500004
1497867460;0.0;352.05833336250004
1497867470;0.0;352.06666669000003
1497867480;0.0;352.0750000175001
1497867490;0.0;352.0833333450001
1497867500;0.0;352.0916666725001
1497867510;587.3609387500001;352.1000000000001
1497867520;0.0;352.35
1497867530;-352.72384999999997;352.6
1497867540;0.0;352.90578991833337
1497867550;0.0;353.2115798366667
1497867560;-23097.38842103;353.51736975500006
1497867570;-10069.9122794;353.809879595
1497867580;257.549859;353.0
1497867590;0.0;353.26995985
1497867600;0.0;353.5399197
1497867610;-12.0641102;353.80987955
1497867620;0.0;353.617924125
1497867630;0.0;353.4259687
1497867640;0.0;353.234013275
1497867650;831.2709466399999;353.04205785
1497867660;-105.77706019000001;352.90000003999995
1497867670;-625.28833799;353.80987948
1497867680;1059.6178609800002;353.10000012
1497867690;0.49434;353.10000012
1497867700;352.30380358;353.3366265733334
1497867710;0.0;353.5732182766667
1497867720;-2160.73626274;353.80980998
1497867730;0.0;353.7824994605556
1497867740;0.0;353.7551889411111
1497867750;0.0;353.7278784216667
1497867760;0.0;353.70056790222225
1497867770;0.0;353.67325738277776
1497867780;337.704276;353.64594686333334
1497867790;-273.09525901999996;353.6524868166666
1497867800;0.0;353.5973159871428
1497867810;0.0;353.542145157619
1497867820;0.0;353.4869743280952
1497867830;0.0;353.4318034985714
1497867840;0.0;353.3766326690476
1497867850;0.0;353.3214618395238
1497867860;22.30073653;353.26629101
1497867870;0.0;353.2077545932
1497867880;0.0;353.1492181764
1497867890;0.0;353.0906817596
1497867900;0.0;353.0321453428
1497867910;8747.22501543;352.973608926
1497867920;334.1032992;352.00000003499997
1497867930;0.0;352.00000002499996
1497867940;0.0;352.000000015
1497867950;388.795;352.000000005
1497867960;0.0;352.6000000025
1497867970;-88.3;353.2
1497867980;0.0;353.2
1497867990;0.0;353.2
1497868000;0.0;353.2
1497868010;0.0;353.2
1497868020;0.0;353.2
1497868030;0.0;353.2
1497868040;52.98;353.2
1497868050;-5.769607420000001;353.04253551
1497868060;0.0;352.521267815
1497868070;0.4224;352.00000012
1497868080;-1957.97014405;352.67500006
1497868090;102.08000004;352.00000016
1497868100;0.0;352.00000016
1497868110;0.3872;352.00000016
1497868120;0.0;352.00000017
1497868130;0.0;352.00000018
1497868140;0.2464;352.00000019
1497868150;0.0;352.00000019666663
1497868160;0.0;352.00000020333334
1497868170;2.9568;352.00000021
1497868180;0.0;352.000000215
1497868190;352.00000022;352.00000022
1497868200;0.0;352.050000115
1497868210;0.21126;352.10000001
1497868220;0.0;352.447499725
1497868230;0.0;352.79499943999997
1497868240;0.0;353.142499155
1497868250;-19.99943194;353.48999887
1497868260;5035.58208277;351.45762574349993
1497868270;-99.25796032;352.249999602
1497868280;0.0;351.724999831
1497868290;0.21072;351.20000006
1497868300;0.0;351.77249973249997
1497868310;0.0;352.34499940499995
1497868320;0.0;352.9174990775
1497868330;-0.17154516;353.48999875
1497868340;0.0;352.972499085
1497868350;0.0;352.45499942
1497868360;0.0;351.937499755
1497868370;0.386562;351.42000009
1497868380;0.0;351.427885406
1497868390;0.0;351.435770722
1497868400;0.0;351.44365603800003
1497868410;0.0;351.451541354
1497868420;0.10000777;351.45942667
1497868430;0.0;351.471541354
1497868440;0.0;351.483656038
1497868450;0.0;351.49577072200003
1497868460;0.0;351.507885406
1497868470;0.10001447;351.52000009
1497868480;0.0;351.48876561781253
1497868490;-14019.74701494;351.457531145625
1497868500;0.0;351.4713456396518
1497868510;0.0;351.48516013367856
1497868520;0.0;351.49897462770537
1497868530;0.0;351.51278912173217
1497868540;0.0;351.5266036157589
1497868550;0.0;351.5404181097857
1497868560;0.0;351.55423260381247
1497868570;0.0;351.56804709783927
1497868580;0.0;351.5818615918661
1497868590;0.0;351.5956760858928
1497868600;0.0;351.6094905799196
1497868610;0.0;351.6233050739464
1497868620;0.0;351.6371195679732
1497868630;7029.305514839998;351.650934062
1497868640;-6021.37094974;352.99499999249997
1497868650;0.0;352.648189231875
1497868660;0.0;352.30137847125
1497868670;0.0;351.954567710625
1497868680;0.24612542;351.60775695
1497868690;0.0;352.29387847500004
1497868700;-5.41047744;352.98
1497868710;881.84870537;351.65387853
1497868720;0.09999724;351.60775707
1497868730;0.0;352.293878535
1497868740;-466.26136663;352.98
1497868750;0.91418016;351.60775711
1497868760;0.09999724;351.60775715
1497868770;-920.00178969;353.07999997999997
1497868780;0.0;352.9461597490909
1497868790;0.0;352.81231951818177
1497868800;0.0;352.6784792872727
1497868810;0.0;352.5446390563636
1497868820;0.0;352.41079882545455
1497868830;0.0;352.2769585945454
1497868840;0.0;352.14311836363635
1497868850;0.0;352.0092781327273
1497868860;0.0;351.8754379018182
1497868870;0.0;351.7415976709091
1497868880;1.26578792;351.60775744
1497868890;0.0;352.29387872
1497868900;-1059.14084562;352.98
1497868910;-3.51934262;352.45942663
1497868920;-427.25993636;352.94
1497868930;0.1406431;351.60775756
1497868940;0.0;352.243021443
1497868950;-8216.17339022;352.87828532599997
1497868960;0.0;352.905213992
1497868970;0.0;352.932142658
1497868980;0.0;352.959071324
1497868990;-0.0999974;352.98599999
1497869000;-1028.61249952;352.98599999
1497869010;-17.60305883;352.98599999
1497869020;0.0;352.98599999
1497869030;-677.61864309;352.98599999
1497869040;-284.31186935;353.17037863999997
1497869050;0.0;352.8066893325
1497869060;88.42151686000001;352.443000025
1497869070;-627.2771525300001;353.0385049783334
1497869080;0.0;352.6650291788889
1497869090;0.0;352.29155337944445
1497869100;0.17595903;351.91807758
1497869110;-19408.67531437;353.81050968
1497869120;0.0;353.440407748
1497869130;0.0;353.07030581600003
1497869140;0.0;352.700203884
1497869150;0.0;352.33010195200006
1497869160;351.92401058;351.96000002000005
1497869170;0.0;351.969615538
1497869180;0.0;351.979231056
1497869190;0.0;351.98884657400004
1497869200;0.0;351.998462092
1497869210;0.10002309;352.00807761
1497869220;1406.08612462;352.0080776
1497869230;0.0;352.7540388
1497869240;-289.18652542;353.5
1497869250;0.0;353.5
1497869260;0.0;353.5
1497869270;-3419.37233109;353.5
1497869280;0.0;353.57762742
1497869290;0.0;353.65525484
1497869300;0.0;353.73288226
1497869310;-1875.1957013;353.81050968
1497869320;0.0;353.81050968
1497869330;0.0;353.81050968
1497869340;-0.09999746;353.81050968
1497869350;75.39890151;352.6000000000001
1497869360;0.0;352.90262742000004
1497869370;0.0;353.20525484000007
1497869380;0.0;353.50788226000003
1497869390;-127.0165648;353.81050968
1497869400;0.0;353.20525484
1497869410;0.10578;352.6
1497869420;0.0;352.84210192200004
1497869430;0.0;353.084203844
1497869440;0.0;353.326305766
1497869450;0.0;353.568407688
1497869460;-1061.28079846;353.81050961
1497869470;0.0;353.44033974
1497869480;0.0;353.07016987
1497869490;3.7946993000000004;352.7
1497869500;0.5648;353.0
1497869510;1136.86866964;352.85
1497869520;707.30488331;352.7
1497869530;1001.08292713;352.7
1497869540;0.0;353.25525490999996
1497869550;-77.50789562;353.81050982
1497869560;0.0;353.81050989
1497869570;-81.37641729;353.81050996
1497869580;0.0;353.75525498
1497869590;-21.25208925;353.7
1497869600;0.0;353.3666666666667
1497869610;0.0;353.0333333333333
1497869620;0.21162;352.7
1497869630;0.7766;353.0
1497869640;0.0;353.1749999975
1497869650;0.0;353.34999999499996
1497869660;0.0;353.5249999925
1497869670;-32.79181349;353.69999999
1497869680;0.0;353.58334999166664
1497869690;0.0;353.4666999933333
1497869700;0.0;353.35004999499995
1497869710;0.0;353.23339999666666
1497869720;0.0;353.1167499983333
1497869730;0.63540018;353.0001
1497869740;0.0;353.17507499749996
1497869750;0.0;353.35004999499995
1497869760;0.0;353.5250249925
1497869770;-966.33746703;353.69999999
1497869780;0.0;353.69999999
1497869790;0.0;353.69999999
1497869800;-199.99999747;353.69999999
1497869810;0.0;353.52502500083335
1497869820;0.0;353.35005001166667
1497869830;0.0;353.1750750225
1497869840;196.2880954;353.00010003333335
1497869850;-199.80009699;353.0001001
1497869860;-499.99999885;353.0001001
1497869870;0.0;353.0001001
1497869880;0.0;353.0001001
1497869890;1068.43302424;353.0001001
1497869900;-3.5300010000000004;353.0001001
1497869910;0.0;353.0001001
1497869920;-303.72705767;353.0001001
1497869930;0.0;353.0001001
1497869940;-3919.3114185599998;353.0001001
1497869950;0.0;353.000100075
1497869960;0.0;353.00010005
1497869970;0.0;353.000100025
1497869980;427.63244014;353.0001
1497869990;-251.07179598999983;352.6876048392857
1497870000;-452.88595157;354.342087998
1497870010;1353.38494676;353.69999999
1497870020;0.0;353.7559058425
1497870030;0.0;353.811811695
1497870040;-1311.07005242;353.86771754750004
1497870050;0.0;353.9883872916667
1497870060;0.0;354.10905703583336
1497870070;-513.82416143;354.22972678
1497870080;0.04224946;353.69999999
1497870090;0.0;353.69999997499997
1497870100;-343.14610482;353.69999996
1497870110;0.0;352.854038835
1497870120;0.38720888;352.00807771
1497870130;280.90244602;352.00807773
1497870140;0.0;352.00807772
1497870150;447.48275692;352.00807771
1497870160;11936.42014633;353.427095784
1497870170;1270.8052173700003;354.1768618925
1497870180;-3462.81201678;353.999999985
1497870190;0.70401615;352.00807772
1497870200;257.91336509999996;352.0080775833333
1497870210;0.0;353.00402126666665
1497870220;-44.11664394;353.99996495
1497870230;6423.58769387;353.50001504
1497870240;-14250.11289514;353.99992992
1497870250;0.0;353.99990660333333
1497870260;0.0;353.99988328666666
1497870270;-0.481723;353.99985997
1497870280;0.0;353.99985992999996
1497870290;-0.09999788;353.99985989
1497870300;0.0;353.790897911
1497870310;0.0;353.58193593199996
1497870320;0.0;353.372973953
1497870330;0.0;353.16401197399995
1497870340;-1648.54316067;352.95504999499997
1497870350;306.71266189;352.05908879000003
1497870360;0.0;352.1071717075
1497870370;0.0;352.155254625
1497870380;0.0;352.20333754250004
1497870390;519.84398221;352.25142046
1497870400;3127.84521699;351.968914116
1497870410;3924.968566220001;351.8744441266667
1497870420;0.0;351.9189886077778
1497870430;0.0;351.9635330888889
1497870440;-446.48134657;352.00807757
1497870450;-2180.07215227;353.00761999
1497870460;0.0;352.72764750600004
1497870470;0.0;352.447675022
1497870480;0.0;352.167702538
1497870490;0.0;351.887730054
1497870500;25.6626864;351.60775757
1497870510;0.0;351.60775757
1497870520;9.49808935;351.60775757
1497870530;0.0;351.60775757
1497870540;0.0;351.60775757
1497870550;0.0;351.60775757
1497870560;-3.18619214;351.60775757
1497870570;-3.99999884;351.60775757
1497870580;-30.64625872;351.60775756999993
1497870590;0.0;351.60775756999993
1497870600;0.0;351.60775757
1497870610;0.0;351.60775757
1497870620;35.16077575;351.60775757
1497870630;0.24612541999999998;351.607757555
1497870640;0.0;351.60775756416666
1497870650;412.59157746999995;351.60775757333334
1497870660;149.98083463;351.607757565
1497870670;-3.02826752;351.60775756
1497870680;-2794.7428594000003;351.3441302565385
1497870690;0.0;351.12206512826924
1497870700;-347.1951978;350.8999999999999
1497870710;-1403.7992361699999;350.95
1497870720;-702.0;351.0
1497870730;-561.6237634299998;350.8195236433333
1497870740;0.0;350.9097618216666
1497870750;-351.0;351.0
1497870760;3345.68779324;350.45857093
1497870770;-9.57122946;351.0
1497870780;0.98128399;350.45857092
1497870790;0.24563;350.9
1497870800;-0.03509999;350.99999998
1497870810;0.0;350.94999999
1497870820;69.93437;350.9
1497870830;-1.02403848;350.9
1497870840;-779.62862695;350.9
1497870850;-124.8354822;350.9
1497870860;0.0;350.73446409375
1497870870;520.13095865;350.5689281875
1497870880;98.24571586;350.45857092
1497870890;0.0;350.42928545999996
1497870900;0.4905600000000001;350.4
1497870910;890.4914563500001;350.2465983283334
1497870920;0.0;350.1304420391667
1497870930;2939.10716099;350.01428575000006
1497870940;0.0;350.00017857
1497870950;-8.45070068;349.98607139
1497870960;0.0;349.98516104500004
1497870970;0.62997165;349.9842507
1497870980;0.36349364;349.9842507
1497870990;0.0;349.68743523596777
1497871000;2432.56216534;349.3906197719355
1497871010;0.0;349.16632869525347
1497871020;761.1133785900001;348.9420376185714
1497871030;33551.86715384;348.90075453
1497871040;13410.107909279997;348.3315811430435
1497871050;354.5908416;348.0000000033333
1497871060;-2175.048619;349.0
1497871070;600.46788307;348.18000003000003
1497871080;-242.2993465400001;348.00000003
1497871090;-7966.034497989997;348.1428571571428
1497871100;-2779.03056023;348.00000003
1497871110;-2082.05854397;348.00000002
1497871120;-1704.30529214;348.00000003
1497871130;-864.55797606;348.00000003
1497871140;-6.612e-05;348.00000003
1497871150;993.50592737;348.000000025
1497871160;505.27140766000014;348.20000001799997
1497871170;12923.077046769999;348.00000001000006
1497871180;1933.1485681000001;347.99333334
1497871190;10351.827652799999;347.3461407037838
1497871200;0.0;347.15447035105854
1497871210;-206.88755478;346.9627999983333
1497871220;0.0;347.4813999891667
1497871230;-44.20267115;347.99999998
1497871240;649.29731803;346.8970999925
1497871250;0.0;347.0972611101389
1497871260;-1715.82360934;347.2974222277778
1497871270;-33.25722843999999;347.8941544175
1497871280;0.0;347.9294362883333
1497871290;0.0;347.9647181591667
1497871300;2.61;348.00000003
1497871310;3360.08078716;348.00000003
1497871320;20.58999879;347.9
1497871330;-24.58926925;347.68857443
1497871340;0.0;347.794287215
1497871350;-43.76280022;347.9
1497871360;0.0;347.6262209428571
1497871370;-15.419174539999986;347.35244188571426
1497871380;-0.13011112;347.9
1497871390;-273.37525555;347.9
1497871400;0.0;347.9
1497871410;0.0;347.9
1497871420;0.0;347.9
1497871430;713.53200377;347.9
1497871440;-1676.8356170999998;348.4249474925
1497871450;266.1643804;348.949894985
1497871460;2.606085;349.4748424775
1497871470;-16079.454271100001;349.99978997
1497871480;0.0;349.83314663833335
1497871490;0.0;349.66650330666664
1497871500;-611.7919553500001;349.499859975
1497871510;984.94201492;348.99992999
1497871520;1042.50697426;348.99992999
1497871530;0.0;349.199321995
1497871540;0.0;349.398714
1497871550;0.0;349.598106005
1497871560;0.0;349.79749800999997
1497871570;-14628.646750049998;349.99689001499996
1497871580;2.99998228;349.99420004
1497871590;2469.41647158;349.25969249
1497871600;0.0;349.62963623999997
1497871610;-4549.44149502;349.99957999
1497871620;-3.2821519;349.99950999
1497871630;2101.23255823;348.99993001
1497871640;0.0;349.16660834000004
1497871650;0.0;349.33328667
1497871660;0.0;349.499965
1497871670;0.0;349.66664333
1497871680;0.0;349.83332166
1497871690;-0.99999899;349.99999999
1497871700;892.63446763;348.99996502
1497871710;-17201.7999995;349.99999999
1497871720;-552.1467026200002;349.66664334999996
1497871730;-5869.64964166;348.99993004
1497871740;0.0;349.3332866933333
1497871750;0.0;349.66664334666666
1497871760;-417.863943;350.0
1497871770;0.0;349.800000004
1497871780;0.0;349.600000008
1497871790;0.0;349.400000012
1497871800;0.0;349.200000016
1497871810;7174.04400041;349.00000002
1497871820;-401.80825065;349.99975498
1497871830;-938.58050293;349.99999998
1497871840;0.0;349.99999998
1497871850;-1.39999998;349.99999998
1497871860;0.0;349.99999998
1497871870;-99.99999799;349.99999998
1497871880;-30.34945199;349.99999998
1497871890;698.00000048;349.00000024
1497871900;0.0;349.00000026000004
1497871910;0.0;349.00000028
1497871920;1.1866;349.0000003
1497871930;0.0;349.25000039500003
1497871940;-570.0732651200001;349.50000049
1497871950;-69.99999999;349.99999998
1497871960;-4733.295049119999;349.3333337633333
1497871970;-16132.87334961;349.99999997
1497871980;0.0;349.99999995999997
1497871990;-5535.9531351999985;349.99999995
1497872000;1.5356;349.000001
1497872010;0.0;349.00000100166665
1497872020;0.0;349.00000100333335
1497872030;0.0;349.000001005
1497872040;0.0;349.00000100666665
1497872050;0.0;349.00000100833336
1497872060;1.6054;349.00000101
1497872070;0.0;349.33333396666666
1497872080;0.0;349.66666692333337
1497872090;-104.99999996;349.99999988
1497872100;-26192.59999101;349.99999988
1497872110;1.5356;349.00000101
1497872120;0.0;349.00000101
1497872130;0.0;349.00000101
1497872140;63.79128811;349.00000101
1497872150;0.2792;349.00000101
1497872160;0.0;349.00000101
1497872170;980.80634198;349.00000101
1497872180;0.0;349.166667475
1497872190;0.0;349.33333394000005
1497872200;0.9400000100000001;349.50000040500004
1497872210;-67.26123946;349.9999998
1497872220;0.8376;349.00000101
1497872230;0.0;349.00000101
1497872240;0.0;349.00000101
1497872250;0.8027;349.00000101
1497872260;0.3141;349.00000101
1497872270;24107.172788410004;348.99998746700004
1497872280;0.0;348.99995873225004
1497872290;10714.99619985;348.99992999750003
1497872300;0.0;348.9999442
1497872310;0.0;348.9999584025
1497872320;0.0;348.99997260500004
1497872330;0.0;348.9999868075
1497872340;-470.10928336;349.00000101
1497872350;916.52802785;349.17497235
1497872360;0.0;349.087486175
1497872370;-369.09605169;349.0
1497872380;43.99999865;348.99992999
1497872390;0.0;348.99992999
1497872400;220.99164165000002;348.99992999
1497872410;0.0;348.85714531181816
1497872420;0.0;348.7143606336364
1497872430;8458.66903817;348.57157595545453
1497872440;0.0;348.714383970303
1497872450;0.0;348.85719198515153
1497872460;-27.96071434;349.0
1497872470;-999.999821;349.0
1497872480;0.0;349.0
1497872490;-1895.7755139699998;349.0
1497872500;0.0;348.82500000625004
1497872510;-514.84370207;348.6500000125001
1497872520;0.2436;348.00000003
1497872530;0.0;348.200000024
1497872540;0.0;348.400000018
1497872550;0.0;348.600000012
1497872560;0.0;348.800000006
1497872570;0.09999897;349.0
1497872580;-2.3719087000000005;349.0
1497872590;3977.75982005;348.20000001
1497872600;2.61172922;348.4666666733333
1497872610;0.0;348.68333327666664
1497872620;-73.52655907;348.89999988
1497872630;1.25352;348.20000003
1497872640;5223.00000015;348.20000002
1497872650;-5.81899915;349.0
1497872660;0.0;348.7333333533333
1497872670;0.0;348.4666667066667
1497872680;0.24374;348.20000006
1497872690;-2414.4502678100002;348.999999995
1497872700;0.0;348.949998055
1497872710;0.0;348.89999611499996
1497872720;0.0;348.849994175
1497872730;0.0;348.799992235
1497872740;0.0;348.749990295
1497872750;0.66202594;348.69998835499996
1497872760;0.0;348.84832362416665
1497872770;0.0;348.9966588933333
1497872780;0.0;349.1449941625
1497872790;0.0;349.2933294316667
1497872800;-65.04290732;349.4416647008333
1497872810;-218.05246602;349.58999997
1497872820;0.0;349.44249997500003
1497872830;-4025.45366422;349.29499998000006
1497872840;0.0;349.23216665000007
1497872850;0.0;349.16933332
1497872860;0.0;349.10649999000003
1497872870;0.0;349.04366666000004
1497872880;0.0;348.98083333
1497872890;0.0;348.918
1497872900;0.0;348.85516667
1497872910;0.0;348.79233334
1497872920;0.0;348.72950001
1497872930;1945.08998414;348.66666668
1497872940;0.0;348.980833335
1497872950;-4987.002865439999;349.29499999
1497872960;151.97618045;349.58999998
1497872970;-103.02729999;349.19666666333336
1497872980;-349.58999997;349.58999997
1497872990;0.0;349.58999997
1497873000;-4.51565402;349.58999997
1497873010;3373.2813685399997;349.00000002499996
1497873020;-1284.28128686;349.196666665
1497873030;2.6175;349.00000002
1497873040;0.0;349.09000001000004
1497873050;0.0;349.18
1497873060;0.0;349.26999999000003
1497873070;0.0;349.35999998
1497873080;0.0;349.44999997
1497873090;0.0;349.53999996000005
1497873100;0.0;349.62999995
1497873110;0.0;349.71999994000004
1497873120;0.0;349.80999993
1497873130;-27.45326246;349.89999992
1497873140;0.0;349.848333265
1497873150;0.0;349.79666661000005
1497873160;0.0;349.744999955
1497873170;0.0;349.6933333
1497873180;0.0;349.64166664500004
1497873190;135.12746667;349.58999999
1497873200;0.0;349.589999985
1497873210;699.17999996;349.58999998
1497873220;3441.45052689;348.7786903064286
1497873230;-23.180067430000005;348.59385725799996
1497873240;0.0;348.8428929385
1497873250;0.0;349.091928619
1497873260;0.0;349.3409642995
1497873270;-0.07640289;349.58999998
1497873280;0.39591417;349.5899999800001
1497873290;0.0;349.28858066250007
1497873300;437.71631567;348.987161345
1497873310;0.0;349.06839580733333
1497873320;0.0;349.14963026966666
1497873330;0.0;349.23086473200004
1497873340;0.0;349.31209919433337
1497873350;-10.45529295;349.3933336566667
1497873360;0.0;349.6966318033334
1497873370;-3816.66780512;349.99992995
1497873380;0.0;349.99992993
1497873390;0.0;349.99992991
1497873400;-0.09999847;349.99992989
1497873410;0.0;349.49996545
1497873420;51.47821559;349.00000101
1497873430;-34.9000001;349.00000101
1497873440;-0.09971279;349.00000101
1497873450;-0.07719531;349.00000101
1497873460;0.0;349.00000101
1497873470;-26.99999768;349.00000101
1497873480;0.41826538;348.55449149
1497873490;0.0;348.77724624875
1497873500;-668.81500954;349.0000010075
1497873510;-616.21182261;349.99992992
1497873520;-277.0251685;349.99992989
1497873530;0.0;349.9461838575
1497873540;0.0;349.892437825
1497873550;0.0;349.8386917925
1497873560;10.49354837;349.78494576
1497873570;0.0;349.8566305066667
1497873580;0.0;349.9283152533333
1497873590;-199.7501415;350.0
1497873600;0.0;349.99998833166666
1497873610;0.0;349.9999766633333
1497873620;0.0;349.999964995
1497873630;0.0;349.9999533266667
1497873640;0.0;349.99994165833334
1497873650;-0.31114993;349.99992999
1497873660;5.2917469299999995;349.99992988
1497873670;0.0;349.9847517225926
1497873680;0.0;349.9695735651852
1497873690;0.0;349.9543954077778
1497873700;0.0;349.9392172503704
1497873710;0.0;349.92403909296297
1497873720;0.0;349.9088609355556
1497873730;0.0;349.89368277814816
1497873740;0.0;349.8785046207408
1497873750;0.36557404;349.86332646333335
1497873760;0.0;349.821229655
1497873770;0.0;349.7791328466667
1497873780;0.0;349.7370360383333
1497873790;2227.90451426;349.69493923
1497873800;6037.8749745;349.5
1497873810;-8760.54423016;349.99979
1497873820;-494.00045559;349.99979
1497873830;-23.44852293;349.99979
1497873840;0.45435;349.5
1497873850;-882.67365087;349.99978999
1497873860;632.55001891;349.749894995
1497873870;0.0;349.6249474975
1497873880;26069.903999989998;349.5
1497873890;0.0;349.5
1497873900;10678.22236815;349.5
1497873910;5444.0760822;349.5
1497873920;-2454.5346345299995;349.5
1497873930;0.5584;349.00000101
1497873940;-14.32306431;349.99958
1497873950;0.0;349.83298350166666
1497873960;0.0;349.66638700333334
1497873970;0.0;349.49979050499996
1497873980;0.0;349.33319400666664
1497873990;0.0;349.1665975083333
1497874000;0.1396;349.00000101
1497874010;0.0;349.06250088375
1497874020;0.0;349.1250007575
1497874030;0.0;349.18750063125003
1497874040;0.0;349.250000505
1497874050;0.0;349.31250037875
1497874060;0.0;349.3750002525
1497874070;0.0;349.43750012625003
1497874080;-39.57594006;349.5
1497874090;0.0;349.400000202
1497874100;0.0;349.300000404
1497874110;0.0;349.200000606
1497874120;0.0;349.100000808
1497874130;34.68884113;349.00000101
1497874140;0.0;349.074962409
1497874150;0.0;349.149923808
1497874160;0.0;349.224885207
1497874170;0.0;349.29984660599996
1497874180;-508.69815595;349.374808005
1497874190;-2156.58390713;349.99929997
1497874200;553.30832635;348.94976303333334
1497874210;-3820.92901122;349.87447497
1497874220;-349.99929993;349.99929993
1497874230;34.89813285;349.0
1497874240;0.0;348.88864
1497874250;631.69103622;348.77728
1497874260;0.0;349.1846199666667
1497874270;0.0;349.5919599333333
1497874280;-0.26366147;349.9992999
1497874290;0.0;349.8584564317857
1497874300;0.0;349.7176129635714
1497874310;0.0;349.57676949535715
1497874320;0.0;349.43592602714284
1497874330;0.0;349.2950825589286
1497874340;0.0;349.15423909071427
1497874350;6515.500243330001;349.0133956225
1497874360;-1744.28800404;349.99992988
1497874370;-308.461139;350.0
1497874380;0.0;349.59994399
1497874390;27392.98263238;349.19988797999997
1497874400;27979.493188419998;348.2696023106452
1497874410;-2530.49999999;349.999999995
1497874420;0.0;349.66668225222224
1497874430;0.0;349.33336450944444
1497874440;1.00636298;349.0000467666667
1497874450;0.0;349.50002337833337
1497874460;-208.91121649;349.99999999
1497874470;0.0;349.50916375500003
1497874480;0.10000422;349.01832752
1497874490;0.09999724;349.01832752
1497874500;0.27921466;349.01832752
1497874510;0.0;349.01832752
1497874520;0.0;349.01832752
1497874530;0.0;349.01832752
1497874540;0.46126611;349.01832752
1497874550;-585.1461528300001;348.772909415
1497874560;0.0;348.920160281
1497874570;0.0;349.06741114700003
1497874580;0.0;349.214662013
1497874590;0.0;349.36191287900004
1497874600;-83.92271269999999;349.509163745
1497874610;0.0;349.6727758166667
1497874620;0.0;349.8363878883334
1497874630;-203.03890948;349.99999996
1497874640;410.52374995;349.99999996
1497874650;1397.03498884;349.99999996
1497874660;0.0;349.9999999575
1497874670;0.0;349.999999955
1497874680;0.0;349.99999995250005
1497874690;-201.95694396;349.99999995
1497874700;0.00157499;349.99999995
1497874710;0.0;349.99999995
1497874720;0.0;349.99999995
1497874730;3.58945299;349.99999995
1497874740;18.92410799;349.99999995
1497874750;-25.922567989999997;349.99999995666667
1497874760;0.64718149;349.99999995
1497874770;0.0;349.85710097309527
1497874780;0.0;349.71420199619047
1497874790;0.0;349.5713030192857
1497874800;0.0;349.428404042381
1497874810;0.0;349.2855050654762
1497874820;1351.48962872;349.1426060885714
1497874830;0.0;349.57023352428575
1497874840;150.60234358;349.99786096
1497874850;0.0;349.99857395000004
1497874860;14.466774610000002;349.99928694
1497874870;0.0;349.9961912933333
1497874880;0.0;349.9930956466667
1497874890;-0.09999564;349.99
1497874900;0.0;349.91291524166667
1497874910;0.0;349.8358304833333
1497874920;0.0;349.75874572500004
1497874930;0.0;349.6816609666667
1497874940;0.0;349.60457620833336
1497874950;0.18689934;349.52749145
1497874960;-69.88;349.4
1497874970;-69.88;349.4
1497874980;0.0;349.4
1497874990;-1080.36320639;349.4
1497875000;0.13976;349.4
1497875010;0.0;349.4
1497875020;0.0;349.4
1497875030;8.22203887;349.4
1497875040;115.37928378;349.40000001
1497875050;0.0;349.59331667333333
1497875060;0.0;349.7866333366667
1497875070;-71.4977567;349.97995000000003
1497875080;-161.0817948;349.98
1497875090;0.0;349.98
1497875100;-337.98408552;349.98
1497875110;-3298.66414581;349.79531777777777
1497875120;0.0;349.99819629518515
1497875130;0.0;350.2010748125926
1497875140;-851.43854334;350.40395333
1497875150;0.0;350.2979650075
1497875160;0.0;350.191976685
1497875170;0.0;350.08598836249996
1497875180;0.5249699999999999;349.98000004
1497875190;-0.00015071;350.5
1497875200;-35.09519203;350.95192033
1497875210;1109.6593648;350.95192032999995
1497875220;0.0;350.95192032999995
1497875230;0.0;350.95192033
1497875240;375.23554712;350.95192033
1497875250;0.0;350.95746801944443
1497875260;0.0;350.9630157088889
1497875270;-807.61223363;350.96856339833334
1497875280;0.0;350.9602418691667
1497875290;-93.12961232;350.95192034
1497875300;-147.83155599999998;350.98397344333335
1497875310;3510.0;351.0
1497875320;0.0;351.3402492322222
1497875330;-434.63739839000004;351.68049846444444
1497875340;0.0;351.82264923222226
1497875350;7.37964596;351.9648
1497875360;0.0;351.97360000000003
1497875370;0.0;351.9824
1497875380;0.0;351.9912
1497875390;-159.04638464;352.0
1497875400;0.0;352.0
1497875410;10.56;352.0
1497875420;0.0;352.41842412514285
1497875430;-5672.901850280001;352.8368482502857
1497875440;0.0;352.7526361877143
1497875450;0.0;352.66842412514285
1497875460;0.0;352.5842120625714
1497875470;0.24675;352.5
1497875480;11110.827001950003;352.952389968
1497875490;196.47536128;352.00000001
1497875500;-2328.1996517000002;353.4206499
1497875510;842.68994206;353.4206499
1497875520;11.597145199999998;353.4206499
1497875530;0.0;353.4206499014286
1497875540;547.5683184999999;353.4206499028572
1497875550;0.0;353.4206499014286
1497875560;1468.77994588;353.4206499
1497875570;0.05557376;352.0
1497875580;0.0;352.0
1497875590;0.0;352.0
1497875600;0.0;352.0
1497875610;-6.21775264;352.0
1497875620;0.0;352.355181035
1497875630;-432.00614479;352.71036207
1497875640;0.0;352.56208379249995
1497875650;0.0;352.413805515
1497875660;0.0;352.2655272375
1497875670;35.21172489;352.11724896
1497875680;0.0;352.10063769410255
1497875690;0.0;352.0840264282051
1497875700;0.0;352.06741516230767
1497875710;0.0;352.05080389641023
1497875720;0.0;352.0341926305128
1497875730;-3040.8397009100004;352.01758136461535
1497875740;0.0;352.6087906823077
1497875750;71.48773298;353.2
1497875760;46.9756;353.2
1497875770;4.23026933;353.2
1497875780;0.0;352.94
1497875790;801.32921691;352.68
1497875800;0.0;352.34000000000003
1497875810;-2136.08130208;352.0
1497875820;-658.91158432;352.0
1497875830;-1779.88808506;351.6713333333333
1497875840;0.14072059;351.8014864
1497875850;0.0;351.900743205
1497875860;1907.84000005;352.00000001
1497875870;534.71776506;351.9007432125
1497875880;-153.05583858;351.90074321
1497875890;0.0;351.950371605
1497875900;-0.01484384;352.0
1497875910;0.0;352.084416565
1497875920;0.0;352.16883313
1497875930;665.67084206;352.253249695
1497875940;0.0;352.378249695625
1497875950;0.0;352.50324969625
1497875960;0.0;352.628249696875
1497875970;-2754.1469903099996;352.7532496975
1497875980;0.0;352.34065163375
1497875990;528.30905911;351.92805357
1497876000;0.1084239;351.9
1497876010;-1059.51;353.17
1497876020;70.38486641;352.18183
1497876030;-441.78813347999994;353.1999999975
1497876040;0.0;353.18888888555557
1497876050;0.0;353.1777777736111
1497876060;0.0;353.1666666616667
1497876070;0.0;353.15555554972224
1497876080;0.0;353.1444444377778
1497876090;0.0;353.13333332583335
1497876100;0.0;353.1222222138889
1497876110;0.0;353.11111110194446
1497876120;-3.89645849;353.09999999
1497876130;0.0;352.500000005
1497876140;2.67444;351.90000002
1497876150;-2089.80218731;352.98920973099996
1497876160;-1389.0672691500001;352.50000001200004
1497876170;-361.23838372;353.4
1497876180;-353.4;353.4
1497876190;4.54793035;353.2
1497876200;0.0;353.2
1497876210;1.02428;353.2
1497876220;702.65124859;352.60000253
1497876230;0.0;352.6486453825
1497876240;0.0;352.697288235
1497876250;0.0;352.74593108749997
1497876260;0.0;352.79457394
1497876270;0.0;352.8432167925
1497876280;0.0;352.891859645
1497876290;-356.04298418999997;352.9405024975
1497876300;-2641.4065810800003;353.4411292845454
1497876310;0.0;353.2058469659091
1497876320;0.0;352.9705646472727
1497876330;0.0;352.73528232863634
1497876340;5233.29366052;352.50000001
1497876350;-1548.80978989;353.47925000000004
1497876360;575.08380556;352.7500000025
1497876370;0.0;352.71200000187497
1497876380;0.0;352.67400000124996
1497876390;0.0;352.636000000625
1497876400;-537.53212502;352.598
1497876410;-295.80004677999995;353.057499995
1497876420;0.0;353.2872499925
1497876430;-0.09999935;353.51699999
1497876440;24.35127434;353.0
1497876450;45.37109;353.0
1497876460;-3422.3567770600002;353.2843343883333
1497876470;105.63525;353.0
1497876480;133.47823443;353.0
1497876490;-1023.01565795;353.2500000025
1497876500;115.02804019;353.51699999
1497876510;0.0;353.51699999
1497876520;14.57580992;353.51699999
1497876530;0.0;353.5169999913333
1497876540;0.0;353.5169999926667
1497876550;4032.71052564;353.516999994
1497876560;493.51944112;353.504250005
1497876570;89.6489978;352.6
1497876580;-176.3;352.6
1497876590;497.54042814999997;352.00004037
1497876600;1171.64245026;352.000005005
1497876610;0.0;352.0000025025
1497876620;1533.18541728;352.0
1497876630;12063.557394239999;352.0
1497876640;396.6233577799999;352.726799998
1497876650;737.64695488;352.0
1497876660;0.0;352.303399986
1497876670;0.0;352.606799972
1497876680;0.0;352.910199958
1497876690;0.0;353.213599944
1497876700;-53.08812512;353.51699993
1497876710;0.0;353.5228911392
1497876720;0.0;353.5287823484
1497876730;0.0;353.5346735576
1497876740;0.0;353.5405647668
1497876750;-7442.429687920001;353.546455976
1497876760;0.0;352.773228013
1497876770;1.056;352.00000005
1497876780;0.0;351.9658054271839
1497876790;0.0;351.9316108043678
1497876800;0.0;351.89741618155165
1497876810;0.0;351.8632215587356
1497876820;0.0;351.8290269359195
1497876830;19027.340608910003;351.79483231310337
1497876840;0.0;351.89751615655166
1497876850;739.20042;352.0002
1497876860;0.0;352.00020000333336
1497876870;0.0;352.00020000666666
1497876880;3.2747177000000005;352.00020001
1497876890;0.0;352.0002000075
1497876900;1369.1818659799999;352.000200005
1497876910;0.0;352.00020000333336
1497876920;0.0;352.00020000166666
1497876930;78.4002583;352.0002
1497876940;0.0;352.0002
1497876950;0.0;352.0002
1497876960;0.28160016;352.0002
1497876970;352.09753509;352.0002
1497876980;0.0;352.0002058333333
1497876990;0.0;352.0002116666667
1497877000;0.0;352.0002175
1497877010;-127.47209781;352.00022333333334
1497877020;-132.68079244;352.00022916666666
1497877030;335.67510231999995;352.000235
1497877040;0.0;352.00024083333335
1497877050;-14.28080665;352.00024666666667
1497877060;0.0;352.0002525
1497877070;0.0;352.00025833333336
1497877080;0.0;352.0002641666667
1497877090;1760.00135;352.00027
1497877100;-176.25;352.5
1497877110;0.0;352.40001333333333
1497877120;0.0;352.30002666666667
1497877130;0.0;352.20004
1497877140;0.0;352.10005333333334
1497877150;6034.7962871400005;352.00006666666667
1497877160;0.0;352.1667111111111
1497877170;0.0;352.33335555555556
1497877180;-132.76993927;352.5
1497877190;753.24035424;352.0
1497877200;-105.0605676;352.25
1497877210;78.255;352.5
1497877220;816.69847772;352.26666666666665
1497877230;-0.05871945;352.5
1497877240;-222.77892487;352.5
1497877250;0.05871945;352.5
1497877260;0.0;352.25
1497877270;352.0;352.0
1497877280;0.0;352.0
1497877290;0.0;352.0
1497877300;0.0;352.0
1497877310;0.0;352.0
1497877320;0.0;352.0
1497877330;0.0;352.0
1497877340;17.6;352.0
1497877350;0.0;351.96
1497877360;0.0;351.92
1497877370;0.0;351.88
1497877380;0.0;351.84000000000003
1497877390;228.48974119;351.8
1497877400;0.0;351.9
1497877410;-704.0;352.0
1497877420;0.0;351.9666666666667
1497877430;0.0;351.93333333333334
1497877440;0.0;351.9
1497877450;0.0;351.8666666666667
1497877460;0.0;351.83333333333337
1497877470;7.03e-06;351.8
1497877480;-460.79720192;351.8
1497877490;0.0;351.8
1497877500;0.0;351.8
1497877510;1733.47319827;351.8
1497877520;0.0;351.640042004
1497877530;0.0;351.480084008
1497877540;0.0;351.320126012
1497877550;0.0;351.160168016
1497877560;-323.79169631;351.00021002
1497877570;-611.71501849;351.8
1497877580;-264.687284;351.8
1497877590;0.0;351.8
1497877600;-1533.5055859999998;351.8
1497877610;-4013.690625;351.5
1497877620;0.0;351.6
1497877630;-870.69092798;351.7
1497877640;2116.84132872;351.26690003333334
1497877650;0.0;351.46683780222224
1497877660;0.0;351.6667755711111
1497877670;3406.97622654;351.86671334
1497877680;-448.68971641;352.039999995
1497877690;-469.74088901;352.471982815
1497877700;126.29222466;351.8
1497877710;0.0;351.80000000250004
1497877720;0.0;351.800000005
1497877730;0.0;351.8000000075
1497877740;0.38698;351.80000001
1497877750;-14.34537353;352.99992999
1497877760;0.0;352.59997666333334
1497877770;0.0;352.2000233366667
1497877780;87.17957534;351.80007001
1497877790;0.0;351.80003500500004
1497877800;87.56653799;351.8
1497877810;0.0;351.800000004
1497877820;0.0;351.80000000800004
1497877830;0.0;351.800000012
1497877840;0.0;351.800000016
1497877850;0.09999915;351.80000002
1497877860;0.0;352.1333683483333
1497877870;234.45105179;352.46673667666664
1497877880;0.56288;351.80000001
1497877890;0.0;352.03329445
1497877900;0.0;352.26658889000004
1497877910;-1508.27499378;352.49988333000005
1497877920;123.51944259999999;351.80000001
1497877930;0.49252;351.80000001
1497877940;454.6438048;351.800000005
1497877950;0.0;352.39985994250003
1497877960;-0.76611529;352.99971988
1497877970;0.0;352.857765902
1497877980;0.0;352.715811924
1497877990;0.0;352.57385794600003
1497878000;0.0;352.43190396800003
1497878010;2.36793099;352.28994999
1497878020;0.0;352.28994999
1497878030;0.0;352.28994999
1497878040;82.10386434;352.28994999
1497878050;0.0;352.28994999
1497878060;0.0;352.28994999
1497878070;170.39458137;352.28994999
1497878080;-7895.155768409999;352.1999065733333
1497878090;0.0;352.24492828166666
1497878100;-0.0999975;352.28994999
1497878110;0.0;352.4082449516667
1497878120;0.56369036;352.52653991333335
1497878130;-129.06939138;352.644834875
1497878140;-81.57204713;352.7631298366667
1497878150;0.52499654;352.88142479833334
1497878160;-76.20474995;352.99971976
1497878170;0.0;352.885053324
1497878180;0.0;352.770386888
1497878190;0.0;352.65572045199997
1497878200;0.0;352.541054016
1497878210;351.33733012;352.42638758
1497878220;0.0;352.426387565
1497878230;-90.72290113;352.42638755
1497878240;-2617.59436928;352.426387565
1497878250;1876.81272464;352.9997197933333
1497878260;0.0;352.99971484499997
1497878270;0.0;352.9997098966667
1497878280;0.0;352.9997049483334
1497878290;-51.89805825;352.9997
1497878300;0.0;352.9997
1497878310;-1032.89512518;352.9997
1497878320;0.0;352.91973
1497878330;0.0;352.83976
1497878340;0.0;352.75979
1497878350;0.0;352.67982
1497878360;-41.64209332;352.59985
1497878370;0.0;352.51415714285713
1497878380;0.0;352.4284642857143
1497878390;0.0;352.34277142857144
1497878400;0.0;352.25707857142856
1497878410;0.0;352.1713857142857
1497878420;0.0;352.0856928571429
1497878430;-4697.09200318;352.0
1497878440;-381.11189008;352.99969998
1497878450;-3789.5600661500002;352.99979597000004
1497878460;0.0;353.0248469758334
1497878470;0.0;353.0498979816667
1497878480;0.0;353.07494898749997
1497878490;-4258.21757121;353.0999999933333
1497878500;0.0;353.09999999666667
1497878510;-1889.73656483;353.1
1497878520;-3521.17499647;353.0
1497878530;-3358.89810016;353.332462944
1497878540;0.0;353.37083470766663
1497878550;0.0;353.40920647133333
1497878560;-353.44757822;353.447578235
1497878570;-216.32739586;353.44757824
1497878580;136.65456789;353.45
1497878590;0.0;353.34280565666666
1497878600;0.0;353.2356113133333
1497878610;2.01753211;353.12841697
1497878620;0.0;353.12841697
1497878630;-1934.09814706;353.12841697
1497878640;3914.59074637;353.00007001
1497878650;0.0;353.05606067533336
1497878660;0.0;353.1120513406667
1497878670;0.0;353.168042006
1497878680;0.0;353.22403267133336
1497878690;-324.49145992;353.2800233366667
1497878700;0.0;353.47231166833336
1497878710;-707.3292;353.6646
1497878720;-1942.06470567;353.6646170000001
1497878730;0.84720033;353.00014002666666
1497878740;0.0;353.0001400244444
1497878750;0.0;353.00014002222224
1497878760;0.42360016;353.00014002
1497878770;0.0;353.1330376645
1497878780;0.0;353.26593530900004
1497878790;0.0;353.3988329535
1497878800;3168.32294307;353.531730598
1497878810;0.0;353.34054873241666
1497878820;0.0;353.14936686683336
1497878830;6155.19806411;352.95818500125
1497878840;0.0;352.97909250062503
1497878850;-3665.77892958;353.0
1497878860;0.0;353.3323136416667
1497878870;-1120.51386368;353.66462728333335
1497878880;0.0;353.7497102916667
1497878890;-10.93091827;353.8347933
1497878900;0.0;353.813858513
1497878910;-31933.014101790002;353.79292372599997
1497878920;23.79749545;353.00000668
1497878930;0.0;353.0000066933333
1497878940;0.0;353.0000067066667
1497878950;0.1412;353.00000672
1497878960;176.50000336;353.00000672
1497878970;0.2824;353.00000676
1497878980;0.0;353.19400507
1497878990;0.0;353.38800338
1497879000;0.0;353.58200169
1497879010;-9718.940639960001;353.776
1497879020;0.0;353.776
1497879030;-1531.32118488;353.776
1497879040;-6438.53817514;353.776
1497879050;0.0;353.77066666666667
1497879060;0.0;353.76533333333333
1497879070;1.71796822;353.76
1497879080;0.0;353.7625
1497879090;0.0;353.765
1497879100;0.0;353.7675
1497879110;-303.12176795;353.77
1497879120;-12255.71323203;353.77
1497879130;-111.85607484;353.76
1497879140;170.99999713;353.77
1497879150;0.0;353.6300068566666
1497879160;0.0;353.4900137133333
1497879170;704.58009586;353.35002056999997
1497879180;-15.52838038;353.77
1497879190;-107.0401889;353.77
1497879200;-7400.17258042;354.02400999400004
1497879210;-102.86893464;354.41004997
1497879220;-38127.23258843;354.72034168833335
1497879230;933.01070583;354.875
1497879240;-1774.5;354.9
1497879250;-51601.397407820004;355.40009019769235
1497879260;0.0;355.2000450988462
1497879270;-21.607955039999993;355.0
1497879280;-487.99999756;355.33333333666667
1497879290;99.46091800000002;355.66666667333334
1497879300;-10360.84334645;356.00000001
1497879310;521.44612281;356.00000001
1497879320;32.54362608;356.00000001
1497879330;366.94788;355.0
1497879340;-176.3399665;355.0
1497879350;1.7848902999999998;355.0
1497879360;-389.67104248;356.0
1497879370;-333.23774348;356.13950115666665
1497879380;3055.52348244;355.4
1497879390;-11.35659882;356.30032
1497879400;0.0;356.15016
1497879410;-259.58364068;356.0
1497879420;-0.0018156;356.0
1497879430;-255.56850892;356.0
1497879440;-106.51535975;355.90016
1497879450;-356.0;356.0
1497879460;1064.6389426;355.80032
1497879470;7.98878458;355.80032
1497879480;24.31920449;355.80032
1497879490;-335.60339086;355.90016
1497879500;554.6333228999999;355.80032
1497879510;-2328.9708688899996;355.9144228
1497879520;3.91706799;355.9999999
1497879530;305.96495462;355.9999999
1497879540;218.1243256;355.9999999
1497879550;-979.4003531;355.96005995999997
1497879560;151.40497712;355.99999992499994
1497879570;0.0;356.220205996
1497879580;232.05297868000002;356.4255472030769
1497879590;536.96120784;355.9999999
1497879600;0.0;355.9999999
1497879610;380.86460273;355.9999999
1497879620;-20910.173948019998;356.991039783
1497879630;0.0;356.4455198915
1497879640;15.38974238;355.9
1497879650;-78.53339419;355.7999999666667
1497879660;0.0;355.8649476872222
1497879670;8134.4539838;355.92989540777774
1497879680;9275.88358612;356.0
1497879690;293.15539705000003;355.70125002249995
1497879700;0.0;355.8008333483333
1497879710;0.0;355.90041667416665
1497879720;0.09999684;356.0
1497879730;0.0;355.83666667166665
1497879740;1.39314516;355.67333334333335
1497879750;476.15553235;355.51000003
1497879760;-10.06255177;356.60733326666667
1497879770;0.0;356.53141660833336
1497879780;0.0;356.45549995
1497879790;0.0;356.3795832916667
1497879800;0.0;356.30366663333336
1497879810;0.0;356.227749975
1497879820;0.0;356.1518333166667
1497879830;0.0;356.0759166583333
1497879840;86.91706536;356.0
1497879850;0.0;356.24149999166667
1497879860;0.0;356.48299998333334
1497879870;-5784.653653169999;356.724499975
1497879880;0.0;356.9022499825
1497879890;-5108.46393407;357.07999999
